ID,Name
1,Abbe
2,Abbott
3,"Abel, Abell"
4,Aborn
5,"Acey, Asie"
6,Ackerly
7,Ackerman
8,Ackley
9,Adams
10,Addison
11,Adgate
12,Agnew
13,"Aiken, Akin"
14,Alden
15,Alderman
17,Aldis
18,"Aldithley, Audley, Awdeley"
19,Aldrich
20,Aldridge
24,Alexander
25,Alford
26,Alger
27,Allen
28,Allerton
29,Alley
30,Allison
31,Almy
33,Alrichs
34,Ambrose
35,"Ames, Eames"
36,"Ancktill, Anketill"
38,Anderson
41,Anderton
43,Andre
44,"Andreas, Andrus"
46,Andrew (s)
47,Angell
48,Annable
49,Antill
50,Antrim
51,Apperson
52,Appleton
53,Arbuckle
54,Archibald
55,Armitage
57,Arey
58,Arminstead
59,"Armor, Armour"
60,Arms
65,Armstrong
66,Arnold
67,Art
68,Arthington
69,Arthur
70,Artisdale
71,Ashby
72,Ashford
73,Ashley
74,Ashman
75,Ashton
76,Askew
77,Aslett
78,Aston
79,"Ash, Asche, Esch"
80,Atherton
81,Atkins
82,Atkinson
83,Attix
84,Atwood
85,Audley
86,Augur
87,Austell
88,Austin
89,Avery
90,Aves
91,Aweeg
92,Axtell
93,Aydelott
94,Ayers
95,"Babb, Babbitt"
96,Babcock
97,"Babsen, Babson"
98,Bachiler
99,Bachelder
100,Bacon
101,Badcock
102,Badger
103,Badgley
104,Baer
105,Bagwell
106,Bailey
107,"Baird, Beard"
108,Baker
109,Baldwin
110,Ball
111,Ballard
112,Ballou
113,Balls
114,Bancker
115,Bancroft
116,Bangs
117,Banks
118,Barbour
119,Barclay
120,"Barker, Addends"
121,Barker
122,Barkham
123,Barlow
124,Barnes
125,Barnaby
126,"Barnard, Bernard, Burnard"
127,Barnett
128,Barney
129,Barr
130,Barrell
131,Barratt
132,Barrett
133,Barron
134,Barrows
135,Barry
137,Bartlett
138,Barton
139,Bartow
140,Bartram
141,Basnett
142,Bass
143,Bassett
144,Bates
145,Bathhurst
146,Bateman
147,Batterton
148,Battles
149,Batty
150,Baxter
151,Bayard
152,Bano
153,Baylor
154,Baynard
155,Beaupre
156,"Bayne, Beane"
157,"Baynum, Bainum"
158,Beach
159,"Beale, Beall, Beals"
160,"Beaman, Beamond"
161,Bearce
162,Beath
163,Beatty
164,Beauchamp
165,Beck
166,Beckett
167,Beckman
168,Becks
170,Beckwith
171,Bedant
172,Bedford
173,Bedient
174,Beebee
175,Beecher
176,Beheathland
177,Belden
178,Belcher
179,Belknap
180,Bell
181,Bellas
182,Bellomont
183,Belt
184,Bemis
185,Benedict
186,Bennett
187,"Benston, Beynston"
188,Benson
189,Bent
190,Berger
191,Berkeley
192,Berry
193,Berthon
194,Beswick
195,Betts
196,Bethune
197,Bevan
198,Beveridge
199,Beverly
200,Bibe
201,Bick
202,Bickford
203,Bigelow
204,Biles
205,Billingslea
206,Billington
207,Billheimer
208,Billop
209,Bingham
210,Bird
211,Birdsall
212,"Birt, Burt"
213,Bisbee
214,Billings
215,Bishop
216,Bissell
217,Black
218,Blackburn
219,Blackiston
220,Blackinton
221,Blackledge
222,Blackler
223,Blackman
224,Blackmore
225,Blackwell
226,Blaine
227,Blair
228,Blakesley
229,Blaisdell
230,Blake
231,Blakeman
232,Blanchard
233,Bland
234,Blanch
235,Blandford
236,Blankenship
237,Bleakney
238,Blinn
239,Bliss
240,Blodgett
241,Blood
242,Bloomer
243,Blossom
244,Blott
245,"Blout, Blount"
246,"Blewett, Bluett"
247,Blunston
248,Blunt
249,Boden
250,Bodfish
251,Bodge
252,Bodman
253,Bodwell
254,Bogardus
255,Bogart
256,Boggs
262,Bolling
264,Bolton
265,Bonaporte
266,Bond
267,Bonham
268,Bonney
269,Bolitha
270,Bonsall
271,Booker
272,Boomer
273,Boothby
274,Borden
275,Bordley
276,Bordman
277,Boreman
278,Bosley
279,"Bossman, Bozman"
280,"Bostick, Bostock, Bostwick"
281,Boswell
283,Bosworth
284,Boteler
285,Botetourt
286,Bottom
287,"Boulden, Boulding, Boldin"
288,Bouchelle
289,Bourchier
290,Bourne
291,Bow
292,Bowditch
293,Bowen
294,Bowler
295,Bowman
296,Bowne
297,Boyd
298,Boyer
299,Bono
300,Boyle
301,Boylston
302,Boynton
303,Boys
304,Boysen
305,Cooch
306,Brabazon
307,Brackett
308,Bracy
309,Bradbury
310,Bradish
311,Bradley
312,Clayton
313,Bradstreet
314,Brady
315,Bragdon
316,Bragg
317,"Brailsford, Breresford"
318,Copeland
320,Brainerd
321,Braintree
322,Braithwaite
323,Cutter
324,Coursey
325,Brame
326,Bramhall
327,Branch
328,Brand
329,Brandt
330,"Brassieur, Brazier"
331,Bratt
332,"Brattan, Bratton, Bratten"
333,Brawner
334,Bray
335,Courtney
336,Breck
337,Breckenridge
338,Brent
339,Collins
340,Brenton
341,Brereton
342,Brett
343,Brewer
344,Brewerton
345,Crowell
346,Brewster
347,Brice
348,Bridgeman
349,Bridges
350,Bridgett
351,Briggs
352,Bringham
353,Brinton
354,Briscoe
355,Broadaway
356,Brock
357,Brockenbrough
358,Bromley
359,Bronaugh
360,Bronson
361,Brooks
362,Broome
363,Broughton
364,Coleman
365,Comegys
366,Coley
367,Colby
368,Brown
369,Colbourne
371,Brownell
372,Bruce
373,Bruff
374,Bruster
375,Bruyn
376,Bryson
377,Bubier
378,Buchanan
379,Buck
380,Buckner
381,Buckingham
382,Buckland
383,Buckley
384,Bucklin
385,Buckman
386,Bulkeley
387,Bull
388,Bullard
389,Bullman
390,"Bulles, Bullis"
391,Bullock
392,Bultin
393,Bumpas
394,Bunker
395,Bunting
396,Burch
397,Burden
398,Burdett
399,Burdick
400,Burge
401,Burgess
402,Burke
403,Burley
404,Burnham
405,Burns
406,Burnside
407,Burpee
408,Burr
409,Burrell (Burrill)
410,Burroughs
411,Burton
412,Burwell
413,Bush
414,Busbee
415,Bushell
416,Bushrod
417,Buss
418,Butcher
419,Butler
420,Butterfield
421,Butterworth
422,Buttolph
423,Byers
424,Byram
425,"Byrd, Byrne"
426,Cadwalder
427,Cady
428,Caldwell
429,Capen
430,Calef
431,Calender
432,Calhoun
433,Calloway
434,Calmes
435,Calverly
436,Calvert
437,Cameron
438,Camp
439,Campbell
440,Capron
441,Canby
442,Candage
443,Candy
444,"Canedy, Kenneday"
445,Canfield
446,Cann
447,Cannon
448,Card
449,Carlisle
451,Cantrell
452,Capell
453,Carroll
454,Carder
455,"Carey, Cary"
456,Carlton
457,"Cathell, Cathrell"
458,Cheney
459,Chenowith
460,Carico
461,Carleton
462,Carne
463,Carnes
464,Carpenter
465,Carr
466,Carrier
467,Carson
468,Carter
469,Cartwright
470,Carver
471,Case
472,Casson
473,Castle
474,Castleberry
475,Chew
476,Caswell
477,Catching
478,Catlett
479,Catlin
480,Caton
481,Caulk
482,Cave
483,Cavender
484,Cawood
485,Cecil
486,Chads
487,Chadwick
488,Chaffee
489,Chaille
490,Chalker
491,Challis
492,Chalmers
493,Chamberlain
494,Chambers
495,Champe
496,Champion
497,Chancellor
498,Chandler
499,Chapin
500,Chichester
501,Chapman
502,Chappell
503,Chapple
504,Chard
505,Charles
506,Chase
507,Christie
508,Chastain
509,Cheeseman
510,Cheffin
511,Chenault
512,Chesebrough
513,Chesley
514,Chester
515,Chestnut
516,Chevaleer
517,Chickering
518,Child
519,Chinn
520,Chipman
521,Chiswell
522,Choate
523,Chrisfield
524,Christian
525,Churchill
526,Churchman
527,Cilley
528,Claflin
529,Clagett
530,Clampitt
531,Clapp
532,Clare
533,Clarke
534,Church
535,Clarkson
536,Claypoole
537,Clary
538,Clator
539,Clawson
541,Cleland
542,Clements
543,Clendinen
544,Cleveland
545,Clifford
546,Clinton
547,Clore
548,Clothier
549,Cloud
550,Clough
551,Clouston
552,Cluggage
553,Coates
554,Cobb
555,Cochran
556,Cocke
557,Cockey
558,Cody
559,Coe
560,Coffin
561,Coggan
562,Coggeshall
563,Cogswell
564,Coit
565,Coleman
566,Collett
567,Collier
568,Collington
569,Collison
570,Colston
571,Colton
572,Colville
573,Colwell
574,"Coale, Cole, Coles"
576,Crump
577,Comstock
578,Conant
579,Coney
580,Congdon
581,Conkling
582,"Conley, Conly"
583,Conway
584,Connecticut
585,Connelly
586,Connett
587,Contee
588,Converse
589,Conwell
590,"Cook, Cooke"
591,"Cool, Kool"
592,Cooley
593,Coolidge
594,Coombs
595,Cooper
596,Cope
597,Copes
598,Croasdale
599,Coppage
600,Cordis
601,"Core, Corey, Cory"
602,Corlies
603,Cornell
604,Cornwallis
605,Cornish
606,Cornwall
607,Corwin
608,Coryell
609,Coram
610,Corbett
611,Corbin
612,Cord
613,Cosby
614,Cosly
615,Cottle
616,Cottman
617,Cotton
618,Corse
619,Cottrell
620,Covell
621,Covington
622,Cowdrey
623,Cowan
624,Crabtree
625,Cowell
626,Craig
627,Cowgill
628,Cowing
629,Cowles
630,Cox
631,Crabb
632,Cram
633,Cranmer
634,Crandall
636,Cranor
637,Crapo
638,"Craven, Cravens"
639,Crane
640,Crawford
641,Creal
642,Creamer
643,Cresap
644,Crispe
645,Crispin
646,Crockett
647,Crich
648,Croad
649,Crocker
650,Crook
651,Cropper
652,Crosby
653,Crose
654,Crosman
655,Cross
656,Crossett
657,Croswell
658,Crow
659,Cubbage
660,Cudworth
661,Culbertson
662,Culbreth
663,Cullam
664,Cullen
665,Cummings
666,Cummins
667,Cunningham
668,"Cup, Kopp"
669,Currier
670,Curtis
671,Cromwell
672,Curwen
673,Cushman
674,Custer
675,Custis
676,Cutler
678,Cutting
679,Dabney
680,Dade
681,Daggett
682,Daille
683,Dakin
684,Dalby
685,Dame
686,Damon
687,Dana
688,Dandridge
689,Dane
690,Danforth
691,Daniels
692,Darden
693,Darling
694,Darnall
695,"Darrell, Dorrell"
696,Dascomb
697,Davell
698,Davenport
699,David
700,Davidson
701,Devereux
702,Davis
703,Day
704,Death
705,Decker
706,Dale
707,DeForest
708,Degge
709,Degman
710,Dekay
711,Delano
712,Delap
713,Driver
714,Delaware - Kent Co.
715,Dallam
716,Dashiell
717,Delaware - New Castle Co.
718,Dalton
719,Dawson
720,Delaware - Sussex Co.
721,Dawes
722,Demarest
723,Deakyne
724,Deming
725,Demison
726,Denman
727,Dennett
728,Denney
729,Dennis
730,Denny
731,DeNormandie
732,Dean
733,Dent
734,Denton
735,Denwood
736,Derby
737,Derrickson
738,Dearing
739,Deshler
740,Desmayer
741,DeVeaux
742,Dexter
743,Devol
744,Devotion
745,Dewey
746,Dewitt
747,Dibble
748,Dick
749,"Dickerson, Dickinson"
750,Dickson
751,Dicus
752,Digges
753,Dighton
754,Dike
755,Dilcart
756,Dill
757,Dillingham
758,Dillon
759,"Dilts, Diltz"
760,Dilworth
761,Dimmick
762,Dimmock
763,Dimond
764,Dingley
765,Dinwiddle
766,"Disborough, Disbrow"
767,Dismucks
768,Disney
769,Dix
770,Dixon
771,Doak
772,Doane
773,Dobbin
774,Doble
775,Dodgson
776,Dodson
777,Donnell
778,Dorman
779,Dorsey
780,Dortch
781,Dotterer
782,Doty
783,"Dougherty, Doughty"
784,Douglas
785,Dove
786,Dow
787,Dowman
788,Downe
789,Downes
790,Downer
791,Downing
792,Dowse
793,Drake
794,Drane
795,Dresser
796,Drinker
797,Drury
798,Dryden
799,Dolliver
800,Dubois
801,DuBreuil
802,Duckett
803,Dudley
804,Duffield
805,Dugger
806,Duke
807,Dulany
808,Dumont
809,Dunbar
810,Duncan
811,Dunham
812,Dunlap
813,Dunn
814,Dutch
815,Dunning
816,Dunster
817,DuPont
818,DuPuy
819,Durant
820,Durborrow
821,Durden
822,"Durie, Duryea"
823,Durkee
824,Dustin
825,DuVal
826,Dwight
827,Eager
828,Earp
829,Eastburn
830,Eastman
831,Easton
832,Eaton
833,Eblin
834,"Eccles, Eckels"
835,Eccleston
836,Echlin
837,Eckington
838,Eddy
839,Edelin
840,Donaldson
841,Drinkwater
842,Edelman
843,Edgecomb
844,Edgett
845,Edison
846,Edmonds
847,Edson
848,Edwards
849,Dutton
850,Eggleston
851,Elder
852,"Eldredge, Eldridge"
853,Elgate
854,Elgin
855,Elkington
856,Ellegood
857,Emmons
858,Emory
859,Elliot
860,Ellicott
861,Ellis
862,Ellsworth
863,Ellyson
864,Elmer
865,Elmes
866,Elwell
867,Ely
868,Elzey
869,Embly
870,Draper
871,Emerson
872,Emley
873,Emperour
874,Enders
876,England
878,English
879,Enloe
880,Ennalls
881,"Eno, Enos"
882,Ennis
883,Eppes
884,Erickson
885,Erskine
886,Erwin
887,Eskridge
888,Espy
889,Estes
890,Eyre
891,Etheridge
892,Eubank
893,Evans
895,Eveleth
896,Everard
897,Everett
898,Evers
899,Eversfield
900,Ewell
901,Ewer
902,Eyler
903,Fagg
904,Fairbanks
905,Fairchild
906,Fairfax
907,Fairfield
908,Fairlamb
909,"Falconer, Faulkinn, Faulkner"
910,Fales
911,Fancher
912,Fanning
913,Farless
914,Farley
915,Farmer
916,"Farnham, Farnum"
917,Farquhar
918,"Farr, Pharr"
919,Farnsworth
920,Farrar
921,Fassett
922,Fay
923,Feake
924,Felch
925,"Fellowes, Fellows"
926,Fenn
927,Fenwick
928,Ferguson
929,Fernald
930,"Ferrars, Ferrers"
931,Fenner
932,Ferris
933,Ferry
934,"Fickett, Figgett"
935,Field
936,Fielden
937,Filley
938,"Finley, Findley"
939,Fitzgerald
940,Finn
941,Finney
942,Finch
943,Fincher
944,Fisher
945,Fiske
946,Fitch
947,Fitz
948,Flackett
949,Flagg
950,Fleming
951,Fletcher
952,Flint
953,Floyd
954,Fitzhugh
955,Fobes
956,Fogg
957,Folger
958,Follett
959,"Folsom, Fulsome"
960,Foote
961,Fordyce
962,Foreman
963,Forrest
964,Forney
965,"Foskett, Foskitt"
966,Foss
967,Foster
968,Fowke
969,Fowle
970,Fowler
971,Fothergill
972,Fox
973,Foxwell
974,Foye
975,Frame
976,France
977,Francis
978,Franklin
979,"Frazier, Fraser"
980,Freathy
981,Freeland
982,Freeman
983,Frelinghuysen
984,French
985,Freville
986,Frick
987,Friday
988,Frink
989,Frisby
990,Frost
991,Frothingham
992,Fry
993,Fuller
994,Gage
995,Fullerton
996,Fulton
997,Fuqua
998,Furbee
999,Furbush
1000,Furman
1001,Furnace
1002,Gaither
1003,Gallagher
1004,Gallaher
1005,Galloway
1006,Gallup
1007,Galusha
1008,Gamble
1009,Gantt
1010,"Gardner, Gardiner"
1011,Garey
1012,Garfield
1013,Garland
1014,Garner
1015,Garrett
1016,Gaines
1017,Gale
1018,"Garney, Garnsey, Guernsey"
1019,Garr
1020,Garretson
1021,Garrison
1022,Gartrell
1023,"Gascoigne, Gaskins"
1024,Gassaway
1025,Gatchell
1026,Gates
1027,Gatewood
1028,Gay
1029,Gaylord
1030,George
1031,"Geary, Gerry"
1032,Geddes
1033,Gee
1034,Geer
1035,Gent
1036,Gentry
1037,Gerard
1038,Ghequiere
1039,Gholson
1040,Gibbon
1041,Gibbs
1042,Gibson
1043,Giddings
1044,Giffard
1045,Gifford
1046,Gilbert
1047,Gillam
1048,"Gelet, Gillett"
1049,Gillespie
1050,Gilliam
1051,Gillis
1052,Gilman
1053,Gilmore
1054,Gist
1055,Gladding
1056,Glasford
1057,Glover
1058,Goble
1059,Ginn
1060,Goddard
1061,Gilpin
1062,Gould
1063,Godfrey
1064,Goforth
1065,"Golding, Goulding"
1066,Goldsborough
1067,Gowdy
1068,Goldsmith
1069,Goodale
1070,Goode
1071,Gooden
1072,Goodenow
1073,"Goodrich, Goodridge"
1074,Goodspeed
1075,Goodwin
1076,Gordon
1077,Gowell
1078,Gordy
1079,Gore
1080,Gorham
1081,Gorton
1082,Goss
1083,Goslee
1084,Gott
1085,Gouge
1086,Gowing
1087,Graf
1088,Grafton
1089,Graham
1090,Gray
1091,Grant
1092,Granville
1093,"Gravenrate, Gravenreath"
1094,Graves
1095,Greeley
1096,Green
1097,Grayson
1098,Greenbury
1099,Greenfield
1100,Greenhill
1101,Greenlee
1102,Greenwood
1103,Gregg
1104,Grinnell
1105,Gregory
1106,Gresham
1107,Grider
1108,Gridley
1109,Grier
1110,Griffin
1111,Griffith
1112,Grigsby
1113,Griggs
1114,Grimes
1115,Grimshaw
1116,Griswold
1117,Groff
1118,Gross
1119,Grover
1120,Groves
1121,Grubb
1122,Grundy
1123,Guest
1124,Gurney
1125,Gustin
1126,Guthrie
1127,"Guthrie, Guthrie, Gutterson"
1128,Gwathenay
1129,Gwynn
1130,"Hadfield, Hatfield"
1131,"Hadley, Headley, Hedley"
1132,Haines
1133,"Hales, Hale"
1134,Hall
1135,Hallowell
1136,"Hallett, Howlett"
1137,Halsey
1138,Hamblet
1139,Hamilton
1140,Hamm
1141,Hammond
1142,Hampton
1143,Hanchett
1144,Hancock
1145,Hand
1146,Handy
1147,Hanover
1148,"Hansborough, Hanson"
1149,Hapgood
1150,"Harden, Harding"
1151,"Harcourt, Harcut"
1152,Hardesty
1153,Hardy
1154,Harford
1155,Harkness
1156,Harlakendon
1157,Harmon
1158,Harmanson
1159,Harmonson
1160,"Harnden, Harvaden, Herendeen"
1161,Harper
1162,Harriman
1163,Harrington
1164,Harris
1165,Hartwell
1166,Harrison
1167,Harvey
1168,"Harrod, Herrod"
1169,Hart
1170,Hartley
1171,Hartshorn
1172,Harwood
1173,Haseltine
1174,Hasey
1175,Haskell
1176,Hay
1177,Haslam
1178,Haslet
1179,Hastings
1180,Hatch
1181,Hathaway
1182,"Hathorne, Hawthorn"
1183,Hatton
1184,"Haven, Hawes,"
1185,Hawkins
1186,"Hawkshurst, Hawxhurst"
1187,Hawley
1188,Hawson
1189,Hawthorn
1190,Hanson
1191,Hayden
1193,Hawthornthwait
1194,Harlow
1195,Harlan
1196,Hayhurst
1197,Haymond
1198,Haynes
1199,Hayward
1200,"Hawke, Hawkes"
1201,Haywood
1202,Hazzard
1203,Heald
1204,Healy
1205,Hedges
1206,"Hearn, Hearne"
1207,Hemingway
1208,Hempstead
1209,Henderson
1210,Hendricks
1211,Hendrickson
1212,Henry
1213,Hening
1214,Hepburn
1215,Herman
1216,Herriot
1217,Herron
1218,Hersey
1219,Hershey
1220,Hett
1221,Heverin
1222,"Hicks, Hix"
1223,"Hewitt, Hughit"
1224,Heyman
1225,Hezlep
1226,Hibbard
1227,Hibbs
1228,Hickling
1229,"Hickman, Higman"
1230,"Hide, Hyde"
1231,Higginson
1232,Higgs
1233,Higley
1234,Hildreth
1235,Hill
1236,Hilliard
1237,Hilleary
1238,Hillen
1239,Hillis
1240,Hills
1241,Hilton
1242,Hinckley
1243,Hindman
1244,Hinman
1245,Hinds
1246,Hines
1247,Hinshaw
1248,Hitch
1249,Hitchborn
1250,Hite
1251,Hoar
1252,Hobart
1253,Hobbs
1254,Hobby
1255,Hobson
1256,Hodgdon
1257,Hodge
1258,Hodgkins
1259,Hodgson
1260,Hoge
1261,Holder
1262,Holdsworth
1263,Holgrove
1264,Holliday
1265,Holland
1266,Hollcraft
1267,Hollenback
1268,Hollingsworth
1269,Hollis
1270,Holman
1271,Holton
1272,Honeywood
1273,Hooker
1274,Hooper
1275,Hollister
1276,Hoopes
1277,Hope
1278,Hopewell
1279,Hopkins
1280,Holloway
1281,Holme
1282,Holmes
1283,Hopper
1284,Horrell
1285,Holt
1286,Horsey
1287,Horton
1288,Horwitz
1289,Hoskins
1291,Hossinger
1292,Houghton
1293,Hook
1294,Hooe
1295,Houston
1296,Hood
1297,Hovey
1298,Howe
1299,Howell
1300,Hotchkiss
1301,Howland
1302,Hoxie
1303,Hoyt
1304,Hubbard
1305,Hubbell
1306,"Huberd, Hubert"
1307,Huckins
1308,Houck
1309,"Huddy, Hoddy"
1310,Hudson
1311,Hosmer
1312,Hughes
1313,Humphreville
1314,Humphrey(s)
1315,Hunloke
1316,Hunn
1317,Hunsden
1318,Hunting
1319,Hurd
1320,Hurlbut
1321,Husbands
1322,Huse
1323,Hussey
1324,Hunt
1325,Huston
1326,Hutchinson
1327,Hutton
1328,Huxley
1329,Huybertse
1330,Hyatt
1331,Hyland
1332,Hynson
1333,Ide
1334,Imlay
1335,Hunter
1336,Ingalls
1337,Ingersoll
1338,Ingpen
1339,"Ingraham, Ingram"
1340,Inman
1341,Ireland
1342,Irish
1343,Isbell
1344,Ivory
1345,Jackson
1346,Jacobs
1347,Jadwin
1348,Jagger
1349,Jamison
1350,Janney
1351,Jefferis
1352,Jansen
1353,Jaques
1354,Jaquette
1355,Jaquith
1356,Jarman
1357,Jefferson
1358,Jeffords
1359,Jenkins
1360,Jenks
1361,Jenney
1362,Jennings
1363,Jervis
1364,Jesseman
1365,Jester
1366,"John, Johns"
1367,Johnson
1368,Jolliffe
1369,Joly
1370,Jones
1371,Johnstone
1372,Jordan
1373,Josselin
1374,Judkins
1375,Kaler
1376,Kay
1377,Kearney
1378,"Keim, Kimes"
1379,Keator
1380,"Keen, Keene"
1381,Keepers
1382,Kellam
1383,Keller
1384,"Kelley, Kelly"
1385,Kellogg
1386,Kelsey
1387,Kemp
1388,Kemper
1389,Kempton
1390,Kendall
1391,"Kendrick, Kenrick"
1392,Kennard
1393,Kennedy
1394,Kleiser
1395,Kenner
1396,Kennon
1397,Kent
1398,Kentucky
1399,Keith
1400,Kenworthy
1401,Kenyon
1402,Kercheval
1403,"Ker, Kerr"
1404,Kersey
1405,Kettle
1406,Key
1407,Kidd
1408,Kidwell
1409,Kilburn
1410,Kilby
1411,Killen
1412,Killinger
1413,Kilpec
1414,Kimball
1415,Kimberly
1416,Kingston
1417,King
1418,Kingsley
1419,Kinne
1420,Kipp
1421,Kimmey
1422,Kirby
1423,Kirk
1424,Kirkbride
1425,Kirkley
1426,Kirtland
1427,Kirkpatrick
1428,Kirkwood
1429,Kitchen
1430,Kite
1431,Knight
1432,Kincheloe
1433,Knowles
1434,Kinkead
1435,Knotts
1436,Knower
1437,Knowlton
1438,Knox
1439,Kollock
1440,Lacy
1441,Kirtley
1442,Ladd
1443,LaGrove
1444,Lake
1445,Lamar
1446,Lamb
1447,Lambert
1448,"LaMotte, Lammott"
1449,Lamson
1450,Land
1451,Kitchell
1452,Lander
1453,Langhorne
1454,Langston
1455,Lank
1456,Lawton
1457,Lansdale
1458,"Laroe, LaRue"
1459,Larrabee
1460,Latchum
1461,Latham
1462,Lathrop
1463,Latimus
1464,Latta
1465,Lattomus
1466,Lawrence
1467,Laws
1468,Lay
1469,Layton
1470,Law
1471,Lawson
1472,Lazell
1473,Lear
1474,Learned
1475,Leatherbury
1476,Lecompt
1477,Lee
1478,Lees
1479,Leete
1480,LeGore
1481,Leighton
1482,Leland
1483,Lent
1484,Leonard
1485,Leach
1486,Lester
1487,Leverett
1488,Levering
1489,Leverton
1490,Levick
1491,Levis
1492,Levison
1493,Lewden
1494,Lewis
1495,Leydich
1496,Lillingston
1497,Lincoln
1498,Lindale
1499,Lindley
1500,Lindsay
1501,Lingan
1502,Link
1503,Linnell
1504,Linsford
1505,Linsley
1506,Lippincott
1507,Liscomb
1508,Lispenard
1509,Locklin
1510,Lockwood
1511,Logan
1512,"Lister, Lyster"
1513,Litchfield
1514,Little
1515,Littlefield
1516,Littlejohn
1517,Lomax
1518,Livesey
1519,Livingston
1520,Llewellyn
1521,Lloyd
1522,Lobdell
1523,Locke
1524,Lockhart
1525,Lofland
1526,Loftis
1527,Lombard
1528,Long
1529,Loker
1530,Longbottom
1531,Longfellow
1532,Longhead
1533,Longley
1534,Longstreet
1535,Loockerman
1536,Look
1537,Loomis
1538,Lord
1539,Loring
1540,Lothrop
1541,Loughborough
1542,Lovejoy
1543,Lovell
1544,Lowder
1545,Lowndes
1546,Lownes
1547,Lowry
1548,Luff
1549,Lucas
1550,Lufkin
1551,Lull
1552,Lummus
1553,Lund
1554,Lurvey
1555,Luther
1556,Lybarger
1557,Lyden
1558,Lyle
1559,Lyman
1560,Lynch
1561,Maltby
1562,Lynde
1563,Lynn
1564,Lyon
1565,Maag
1566,"Maccubbin, Mackubin"
1567,Macgill
1568,Macgregor
1569,Mack
1570,Mackenzie
1571,Mackoon
1572,MacNaughton
1573,Macomber
1574,Macey
1575,Maddox
1576,Manchester
1577,"Madley, Madeley"
1578,Madison
1579,"Magee, McGee"
1580,Magruder
1581,Makepeace
1582,Maker
1583,Mallory
1584,Manley
1585,Leavitt
1586,Manlove
1587,Mann
1588,Manney
1589,Manning
1590,Mansfield
1591,Manton
1592,Marble
1593,Marbury
1594,March
1595,Maree
1596,Lecke
1597,Marriott
1598,Marim
1599,Maris
1600,Marr
1601,Marriner
1602,Marsh
1603,Marshall
1604,Marsham
1605,Leffingwell
1606,Marsden
1607,Martin
1608,Marvel
1609,Leftwich
1610,Lightfoot
1611,Marvin
1612,Luce
1613,Lowber
1614,Low
1615,Maryland
1616,Lovett
1617,Mason
1618,Massachusetts
1619,Massey
1620,Massie
1621,Luckie
1622,Masten
1623,Mather
1624,Mathews
1625,Matson
1626,Mattison
1627,Maugham
1628,Maulden
1629,Mauleverer
1630,Maull
1631,Mauzy
1632,Maverick
1633,"McElwee,McKelvie"
1634,McCright
1635,McCoy
1636,Maxwell
1637,McCormick
1638,McKelvie
1639,McCluskey
1640,Ludden
1641,May
1642,Mayhew
1643,Mayhem
1644,Maynard
1645,Mayo
1646,McAllister
1647,McAnley
1648,McAntier
1649,McFarland
1650,McCain
1651,McCamant
1652,McCarty
1653,McCabe
1654,McClane
1655,McClary
1656,McClelland
1657,McClenahan
1658,McClintock
1659,McClure
1660,McClyment
1661,McConnell
1662,McCrea
1663,McCrellis
1664,McCullough
1665,McCune
1666,McCutcheon
1667,McDonough
1668,McFadden
1669,McDougall
1670,McDowell
1671,McEwen
1672,McFeeters
1673,McFerran
1674,McGaughey
1675,McGaw
1676,McGlathery
1677,McGrady
1678,McGregor
1679,McGuffey
1680,McHenry
1681,McIntosh
1682,McIntyre
1683,McKean
1684,McKee
1685,McKennan
1686,McKisick
1687,McKown
1688,McLaflan
1689,McLane
1690,McLaren
1691,McMeens
1692,"McMillan, McMillin"
1693,McMorrie
1694,McMullen
1695,McNair
1696,McNeely
1697,McNeil
1698,McPherson
1699,McSparran
1700,McPike
1701,McQueen
1702,Meade
1703,Means
1704,Mease
1705,Medbury
1706,Medford
1707,"Meeks, Mix"
1708,Meigs
1709,Mellen
1710,Mellish
1711,Melson
1712,Melville
1713,Melvin
1714,Mercer
1715,Merchant
1716,Meredith
1717,"Meriweather, Merriwether"
1718,Merriam
1719,Merrill
1720,Merriman
1721,Merritt
1722,Merry
1723,Merwin
1724,Meserve
1725,Micheaux
1726,Michener
1727,Miers
1729,Mifflin
1730,Milburn
1731,Milby
1732,Mildmay
1733,Miller
1734,Milles
1735,Milligan
1736,"Millikin, Mullica, Mulliken"
1737,Millington
1738,Minner
1739,Minor
1740,Minott
1741,Mitchell
1742,Mitten
1743,Mockbee
1744,"Moffett, Moffit"
1745,Mohun
1746,Mollison
1747,Monk
1748,"Monroe, Munroe"
1749,Montfort
1750,Monett
1751,Molliston
1752,Moore
1753,Moorecock
1754,Moran
1755,Morey
1756,Morfit
1757,Morgan
1758,Montgomery
1759,Moriarte
1760,Morrill
1761,Nanna
1762,Morris
1763,Morrison
1764,Morrow
1765,Morse
1766,Morsell
1767,Morton
1768,Nash
1769,Moseley
1770,Moses
1771,Mosher
1772,Mott
1773,Moulton
1774,Mowbray
1775,Mower
1776,Moyce
1777,Muchmore
1778,Mulford
1779,Mumford
1780,Mumdorf
1781,Muncy
1782,Mundy
1783,Murdock
1784,Munson
1785,Murphey
1786,"Murray, Murrey"
1787,Murrin
1788,Musgrave
1789,Musick
1790,Muzzy
1791,Mylam
1792,Mylward
1793,"Nabour, Narbaugh"
1794,Nalle
1795,Naylor
1796,"Neal, Neale, Neele"
1797,Needham
1798,Neely
1799,Neeper
1800,Nelson
1801,Nesmith
1802,New Hampshire
1803,Newcomb
1804,Naudain
1805,Niles
1806,New Jersey
1807,"Newland, Newlin"
1808,Newman
1809,Newmarch
1810,Newton
1811,New York
1812,Nickerson
1813,Newell
1814,"Nice, Nuce, Nyce"
1815,Nicholas
1816,Noel
1817,"Nicholls, Nichols, Nicolls"
1818,Nicholson
1819,Nolan
1820,Nixon
1821,Noble
1822,Nock
1823,Norcutt
1824,Norman
1825,North Carolina
1826,Northwick
1827,Norton
1828,Norwood
1829,Nowland
1830,Noyes
1831,Nugent
1832,Nute
1833,Numbers
1834,Offutt
1835,Nuthall
1836,Nutkins
1837,Ogden
1838,Nutter
1839,Oglebee
1840,Nutting
1841,Nye
1842,"Oak, Oakes"
1843,Oakley
1844,Oakman
1845,Obrisset
1846,Odell
1847,Odding
1848,Offley
1849,Ogle
1850,Oldfield
1851,Oldham
1852,Oldridge
1853,Olds
1854,Olin
1855,Oliphant
1856,Oliver
1857,Oller
1858,Olmstead
1859,Opdyke
1860,Oram
1861,Ohio
1862,Orcutt
1863,Ordway
1864,Orem
1865,Orme
1866,Orms
1867,Ormsbee
1868,Orne
1869,Orr
1870,"Orrick, Orricks"
1871,Orrock
1872,Orton
1873,Osbaldiston
1874,"Osborne, Osbourne"
1875,Osgood
1876,Osten
1877,Otey
1878,Otis
1879,Outerbridge
1880,Outten
1881,"Owen, Owens"
1882,Payne
1883,Overton
1884,Owings
1885,Paca
1886,Packard
1887,Packer
1888,Paddock
1889,Palmer
1890,Parent
1891,Parham
1892,"Parish, Parris"
1893,"Paine, Payne"
1894,Parker
1895,Page
1896,Parkhurst
1897,Parkman
1898,Parmelee
1899,Parr
1900,Parrott
1901,Parry
1902,Parsons
1903,Partridge
1904,Parvis
1905,Pasco
1906,Patch
1907,Patchen
1908,Patrick
1909,"Patten, Patton"
1910,Palsgrave
1911,Patterson
1912,Paul
1913,Paxton
1914,Rolle
1915,Paynter
1916,Payson
1917,Payzant
1918,Peabody
1919,Peacock
1920,Pearce
1921,Pearl
1922,Peckham
1923,Peebles
1924,Peele
1925,Pelham
1926,Pancoast
1927,Pell
1928,Penfield
1929,Pendleton
1930,Penn
1931,Pennell
1932,Pengry
1933,Penniman
1934,Pennington
1935,Phelps
1936,Pennock
1937,Pennsylvania
1938,Phettiplace
1939,Ponder
1940,Peppard
1941,Pepper
1942,Preble
1943,Prence
1944,Percival
1945,Perkins
1946,Perley
1947,"Perrine, Prine"
1948,Perry
1949,Pershing
1950,Peters
1951,Peterson
1952,"Pettee, Petty"
1953,Pettigrew
1954,Pettingill
1955,Pettit
1956,Petts
1957,Pettus
1958,Pettyjohn
1959,Peyton
1960,Philbrick
1961,Phillips
1962,Prescott
1963,Philpott
1964,Phipps
1965,Pickard
1966,Pickup
1967,Pierce
1968,Pierpont
1969,Piggott
1970,Pike
1971,Stayton
1972,Pilling
1973,Pinckney
1974,Pindell
1975,Pitts
1976,Plantagent
1977,Platel
1978,Plater
1979,Platt
1980,Pleasanton
1981,Plowden
1982,Plumley
1983,Plummer
1984,Pocock
1985,Preston
1986,"Poland, Polden"
1987,Polk
1988,Quincy
1989,Pride
1990,Priest
1991,Pollard
1992,"Pollet, Pollitt"
1993,Pollock
1994,Pomeroy
1995,Pond
1996,Poole
1997,Poor
1998,Pope
1999,Popplewell
2000,Quisenberry
2001,Porter
2002,"Porteus, Portis"
2003,Posey
2004,Post
2005,Pottenger
2006,Potter
2007,Pottle
2008,Potts
2009,Poulter
2010,Pritchett
2011,Powell
2012,Powers
2013,Pownall
2014,Poythress
2015,Pratt
2016,Pray
2017,Presbury
2018,Prettyman
2019,Prew
2020,Price
2021,Prigg
2022,Prince
2023,Pringle
2024,Prior
2025,Proby
2026,Proctor
2027,Proudfoot
2028,Province
2029,Pugh
2030,Pulsifer
2031,Pumphrey
2032,Punderson
2033,Purchas
2034,Purdy
2035,"Purefay, Purefoy"
2036,Purviance
2037,Purnell
2038,Pusey
2039,Register
2040,Putnam
2041,Pyle
2042,"Quenally, Quinley, Quenley,Kennelly, Kenley"
2043,Quimby
2044,Ragland
2045,Ragsdale
2046,Raines
2047,Rainey
2048,Ralston
2049,Ruston
2050,Rambo
2051,"Ramsay, Ramsey"
2052,Ramsdell
2053,Rand
2054,Rea
2055,Randall
2056,Randolph
2057,Rankin
2058,Ransom
2059,Reagan
2060,Reape
2061,"Ratcliff, Radcliff"
2062,Rawlings
2063,Rawson
2064,Rayfield
2065,Raymond
2066,Record
2067,Redaway
2068,"Reading, Redden"
2069,Remey
2070,"Read, Reed, Reid"
2071,Reeder
2072,Reeves
2073,Reginolles
2074,Remick
2075,Remington
2076,Renshaw
2077,Revell
2078,Ring
2079,Reybold
2080,Reynolds
2081,"Rhoades, Roads"
2082,Rhode Island
2083,Ricand
2084,Rice
2085,Ripley
2086,Rich
2087,Rust
2088,Roulstone
2089,Rotsey
2090,Risley
2091,Richards
2092,Richardson
2093,Richbell
2094,Richie
2095,Richmond
2096,"Rickards, Rickers"
2097,Ridgate
2098,Ridgely
2099,Rudd
2100,Rigge
2101,Salling
2102,"Riggen, Riggin"
2103,Riker
2104,Rittenhouse
2105,Saltmarsh
2106,Roach
2107,Roane
2108,"Robarts, Roberts"
2109,Roe
2110,Robertson
2111,Rodney
2112,"Robins, Robbins"
2113,Robinson
2114,Sappington
2115,Sargent
2116,Robson
2117,Roche
2118,Rockefeller
2119,Rockhold
2120,Rockwood
2121,"Rodgers, Rogers"
2122,Rodman
2123,Rolfe
2125,Shipley
2126,Roman
2127,Roosa
2128,Root
2129,Rootes
2130,Rothwell
2131,Roscoe
2132,Rosenmiller
2133,Ross
2134,Severance
2135,Rotheram
2136,Rousby
2137,Rouse
2138,Rowe
2139,Royce
2140,Rowland
2141,Severson
2142,Shakespeare
2143,Shand
2144,Rucker
2145,Rowley
2146,Rue
2147,Ruffin
2148,Ruggles
2149,Rumery
2150,Rundlett
2151,Rupp
2152,Shryock
2153,Russell
2154,Ruth
2155,Rutherford
2156,Rutter
2157,Ryder
2158,Ryerson
2159,Sabin
2160,Safford
2161,Sage
2162,St. Clair
2163,St. John
2164,Salkeld
2165,Snyder
2166,"Salmon, Salmond"
2167,Sampson
2168,"Sandborn, Sanborn"
2169,Sands
2170,Sanford
2171,Sanger
2172,Sankey
2173,Sartell
2174,"Satcher, Sotcher"
2175,Sater
2176,Satterfield
2177,Satterthwaite
2178,Shuler
2179,Sikes
2180,"Salisbury, Saulsbury"
2181,Sibley
2182,Silket
2183,Savage
2184,"Savel, Savil"
2185,Saunders
2186,Savory
2187,Sawtell
2188,Sawyer
2189,Saxon
2190,Saybrook
2191,Scarborough
2192,Scattergood
2193,Schermerhorn
2194,Schoonmaker
2195,Schofield
2196,"Schot, Schut"
2197,Schutt
2198,Scotland
2199,Sheffield
2200,Simonton
2201,Scott
2202,Scribner
2203,Scripture
2204,"Scrope, Scroup"
2205,Scudder
2206,Seabury
2207,Seagrove
2208,Seaman
2209,Sears
2210,Seaver
2211,Seavey
2212,Sebastian
2213,Seeds
2214,Seely
2215,Sefton
2216,Segrave
2217,Selby
2218,Selleck
2219,Sellers
2220,Sinclair
2221,Semans
2222,Settle
2223,Sevier
2224,Seward
2225,Sewell
2226,Seymour
2227,Simpler
2228,Shankland
2229,Shanks
2230,Shannon
2231,Sharp
2232,Sharpless
2233,Shattuck
2234,Shaw
2235,Shelby
2236,Shelley
2237,Sheldon
2238,Shepherd
2239,Sherburne
2240,Sherman
2241,Sherwood
2242,Sherz
2243,Schinkels
2244,Shipman
2245,Skipper
2246,Shires
2247,Shirley
2248,Shivers
2249,Shockley
2250,Short
2251,Skipworth
2252,Shortridge
2253,Shumway
2254,Shunk
2255,Shurmer
2256,Sias
2257,Sill
2258,Simmons
2259,Sims
2260,Simonson
2261,Simpson
2262,Singletary
2263,Sipple
2264,Southold
2265,Sisson
2266,Skiff
2267,"Skillen, Skilling"
2268,Skinner
2269,Slade
2270,Slagle
2271,Slaughter
2272,"Slecht, Sleght"
2273,Sleeper
2274,Sloan
2275,Slocum
2276,Sloper
2277,"Sly, Slye"
2278,"Smack, Smock"
2279,Smalley
2280,Smallwood
2281,Smiley
2282,Smith
2283,Snowden
2284,Smith
2285,Snead
2286,Snell
2287,Snow
2288,Somerie
2289,Somerly
2290,Somers
2291,"Somervell, Somervillee"
2292,Soper
2293,Sterling
2294,Sorden
2295,Soule
2296,Spackman
2297,Spalding
2298,Sparks
2299,Sparrow
2300,Spaulding
2301,Spear
2302,"Spelman, Spilman"
2303,Spence
2304,Spencer
2305,Southworth
2306,Spicer
2307,Spier
2308,Spink
2309,Spofford
2310,Spooner
2311,Sprigg
2312,Springer
2313,Sproat
2314,Sproul
2315,Squibb
2316,Squire
2317,Staats
2318,Stackhouse
2319,Stanley
2320,Stansbury
2321,Springs
2322,Stansfield
2323,Stanton
2324,Stapp
2325,Starbuck
2326,Stark
2327,Starkweather
2328,Starr
2329,"Starling, Sterling"
2330,Stearns
2331,Stebbins
2332,Stedman
2333,Steel
2334,Steelman
2335,Steen
2336,Steptoe
2337,"Stephens, Stevens"
2338,Spotswood
2339,"Stephenson, Stevenson"
2340,"Stewart, Stuart"
2341,Stover
2342,Stetson
2343,Stidham
2344,Sterrett
2345,Sprague
2346,Stiles
2347,Stille
2348,Stillwell
2349,Stimson
2350,Stites
2351,Symmes
2352,Stith
2353,Stockton
2354,Stockwell
2355,Stodder
2356,Stitson
2357,"Stockley, Stokely"
2358,Stone
2359,Stoner
2360,Stoops
2361,Storer
2362,Story
2363,Stout
2364,Stoughton
2365,Stoutenburgh
2366,Stoval
2367,Stowell
2369,Stratton
2370,Streame
2371,Stockbridge
2372,Street
2373,Standish
2374,Stacy
2375,Streeter
2376,Strickland
2377,Strider
2378,Stringer
2379,Strong
2380,Strother
2381,Stroud
2382,Stubbs
2383,Sturdy
2384,"Swan, Swann"
2385,Sudler
2386,Sugars
2387,Sumner
2388,Sutcliffe
2389,Sutherland
2390,Swain
2391,Swasey
2392,Sweet
2393,"Sweatman, Sweetman"
2394,Swett
2395,Swift
2396,Sydenham
2397,Sykes
2398,Sylvester
2399,Tabb
2400,Taber
2401,Tabler
2402,Taft
2403,Taggart
2404,Talbot
2406,Talley
2407,Talmadge
2408,Tanner
2409,"Tappan, Tappen"
2410,Tarbox
2411,Tasker
2412,Tate
2413,Tatman
2414,Strachan
2415,Tatnall
2416,Tayloe
2417,Taylor
2418,TenBroeck
2419,Tennant
2420,Stradley
2421,Tazewell
2422,Teague
2423,Teeter
2424,Temple
2425,Tempest
2426,Tenny
2427,Tennyson
2428,Terhune
2429,Terrett
2430,Terrill
2431,Thacker
2432,Thatcher
2433,Thaxter
2434,Tharp
2435,Thayer
2436,Thomas
2437,"Thompson, Thomson"
2438,Terry
2439,Teter
2440,Thorn
2441,Thornburg
2442,Thornton
2443,Thoroughgood
2444,Thorp
2445,Thrasher
2446,Threlkeld
2447,Throckmorton
2448,Throop
2449,Thruston
2450,Thurber
2451,Thurlow
2452,Thurston
2453,Tibbals
2454,Tiernan
2455,Tilden
2456,Tileston
2457,Tilghman
2458,Tillotson
2459,"Tilney, Tylney"
2460,"Tilson, Tileson"
2461,Tilton
2462,Tindall
2463,Tilley
2464,Tingle
2465,Tinker
2466,Tinkham
2467,Tisdale
2468,Titcomb
2469,Todd
2470,Tolman
2471,Tomkies
2472,Tomlin
2473,Tomlinson
2474,Timberlake
2475,Tompkins
2476,Toogood
2477,Torrey
2478,Tourtelotte
2479,Tower
2480,Towle
2481,Towne
2482,Townley
2484,"Townsend, Townshend"
2485,Towson
2486,Tracy
2487,Traine
2488,Trask
2489,Travers
2490,Travis
2491,Timanus
2492,Treadway
2493,Treat
2494,Trego
2495,Trible
2496,Trimble
2497,"Tripp, Trippe"
2498,Trott
2499,Trotter
2500,Trowbridge
2501,True
2502,Truitt
2503,Twombly
2504,Truman
2505,Trumbull
2506,Trussell
2507,Tucker
2508,Tudor
2509,Tuffnell
2510,Tufts
2511,Tunstall
2512,Tupper
2513,Turloar
2514,Turner
2515,Turpin
2516,Turton
2517,Tull
2518,Tuttle
2519,Twentyman
2520,Twitchell
2521,Tybout
2522,Tylden
2523,Tyng
2524,Tyson
2525,Ulster
2526,Underwood
2527,Updengraff
2528,Upshur
2529,Upson
2530,Utley
2531,Utterback
2532,Uzzell
2533,Upton
2534,Vail
2535,Valandigham
2536,Valentine
2537,Vallean
2538,VanBebber
2539,VanBorsum
2540,VanBuren
2541,VanBurkelow
2542,VandeMerck
2543,Vandeford
2544,Urann
2545,"Vandiver, Vendevere"
2546,Sweetsir
2547,VanDyke
2548,VanEltin
2549,VanHorn
2550,Vaneman
2551,VanLear
2552,VanLeuvenigh
2553,VanMeter
2554,Vannerson
2555,VanOver
2556,VanRantz
2557,VanWinkle
2558,VanRensselaers
2559,Vansyckel
2560,VanTassell
2561,VanTilburgh
2562,VanWagenen
2563,Varnum
2564,Vassall
2565,Vastine
2566,Vane
2567,Vaughan
2568,Vaulx
2569,Vawter
2570,Veach
2571,Veazey
2572,Vedder
2573,Venable
2574,Ventrus
2575,Vermont
2576,Vernon
2577,VerPlanck
2578,Vesey
2579,Vetch
2580,Viall
2581,"Stow, Stowe"
2582,Vickers
2583,Vickery
2584,Vinal
2585,Vincent
2586,Vining
2587,Vinson
2588,Vinton
2589,Virdin
2590,Virginia
2591,Wyer
2592,Swallow
2593,Vose
2594,Swenson
2595,Sutphen
2596,Voshell
2597,Vowles
2598,Waddlelowe
2599,Wade
2600,Wainwright
2601,Waite
2602,Wakefield
2603,Wakeman
2604,Walbridge
2605,Wale
2606,Wales
2607,Walford
2609,Walker
2610,Wallace
2611,Waller
2612,Walliams
2613,Wallis
2614,Wallop
2615,Walmesley
2616,Wardsworth
2617,Waln
2618,Walshe
2619,Walston
2620,Walters
2621,Waltham
2622,Walton
2623,Wanton
2624,Waples
2625,Ward
2626,Wardell
2627,Warden
2628,Wardman
2629,Wardner
2630,Ware
2631,Warfield
2632,Waring
2633,Warren
2634,"Wyeth, Wyman"
2635,Warrick
2636,Warriner
2637,Warrington
2638,Sutton
2639,Wyman
2640,Sturgis
2641,Washburn
2642,Washington
2643,Waterhouse
2644,Waterman
2645,Waters
2646,Watkins
2647,Watson
2648,Wattles
2649,Watts
2650,Waugh
2651,Way
2652,Sturtevant
2653,Wayland
2654,Webber
2655,Wedge
2656,Weed
2657,Weeden
2658,Weeks
2659,Weld
2660,"Welles, Wells"
2661,Welsh
2662,Welton
2663,Wemyss
2664,"Wenlock, Winlock"
2665,Wentworth
2666,Wesley
2667,Wescott
2668,West
2669,West Virginia
2670,Wetherbee
2671,Wethered
2672,Whann
2673,Wharton
2674,Whatlocke
2675,Wheat
2676,Wheaton
2677,Wheeler
2678,Wheelwright
2679,Whipple
2680,White
2681,Whittemore
2682,Whiton
2683,Whitecotton
2684,Whitehead
2685,Whiteley
2686,Whiteside
2687,Whitman
2688,Whitfield
2689,Whitford
2690,Whiting
2691,Whitmarsh
2692,Whitmore
2693,Whitney
2694,Whittier
2695,Whittingham
2696,Whittle
2697,Whittlesea
2698,"Wickes, Wix"
2699,Wickliffe
2700,Wight
2701,Wigglesworth
2702,Wilbur
2703,Wilcombe
2704,Wilcox
2705,Wilgus
2706,"Wilhite, Wilheit"
2707,Wilkins
2708,Willett
2709,Willey
2710,Williams
2711,Wiley
2712,Wilder
2713,Wild
2714,Williamson
2715,Willoughby
2716,Wilmarth
2719,Willard
2720,Wilkinson
2721,Willis
2722,Willing
2723,Winchester
2724,Winder
2726,Windsor
2727,Winebrener
2728,Wines
2729,Wing
2730,Wingate
2731,Wingfield
2732,"Winn, Wynne"
2733,Winship
2734,Winslow
2735,Winston
2736,Winter
2737,Winterbottom
2738,Winthrop
2739,Wise
2740,Wistar
2741,Wiswall
2743,Wollaston
2744,Unquety
2745,Wolcott
2746,Wolterton
2747,Unthank
2748,Wood
2749,Woodbury
2750,Woodcock
2751,Woodcraft
2752,Woodford
2753,Woodhull
2754,Woodland
2755,Woodley
2756,Woodman
2757,Woodruff
2758,Weston
2759,Woodworth
2760,Woolchurch
2761,Wooldridge
2762,Woolford
2763,Woolley
2764,Wootten
2765,Wotton
2766,Worden
2767,Worley
2768,Worman
2769,"Worrill, Worrell"
2770,Worth
2771,Worthington
2772,Wright
2773,Delafield
2774,Delamater
2775,"Wroughten, Wroughten"
2776,Wyatt
2777,Wyche
2778,Wyckloff
2779,Wynkoop
2780,Yancey
2781,Yard
2782,Yarnell
2783,Yates
2784,Yeardley
2785,Yeatman
2786,Yeaton
2787,Bennett
2790,Bennett
2791,Acton
2792,Adair
2793,Albini
2795,Allbee
2796,Allee
2797,Armstrong
2798,Backers (Backus)
2799,Balch
2800,Balcom
2801,Ballister
2802,Banning
2803,Barstow
2804,Bartholomew
2805,Battell
2807,Beavens
2808,Benjamin
2809,Yeo
2810,Benjamin
2811,Biddle
2812,Bidfield
2813,Alcock
2814,Blansham
2815,Blay
2816,Boist
2818,Boone
2819,Booth
2821,Boude
2823,Bowers
2824,Bowes
2825,Bowie
2826,Boxley
2827,Boyce
2828,Bradford
2829,Bradshaw
2830,Breed
2831,Breese
2832,Brittingham
2833,Broad
2834,Browning
2835,Broxson
2836,Bryant
2837,Buffington
2838,Buffum
2839,Buckworth
2840,Burbank
2841,Burbridge
2842,Burlingame
2843,Burnett
2844,Bushnell
2846,Cabell
2847,Cadman
2848,Calkins
2849,Callender
2850,Downs
2851,"Deyo, Deyon"
2852,Doughty
2853,Dockery
2854,Dodd
2855,Dodge
2856,Bryan
2858,Chaplin
2859,Duty
2860,Dwyer
2861,Dyer
2862,Dysart
2864,Eamas
2865,Earle
2866,Edmondson
2867,Edmunds
2868,Egerton
2869,Embry
2870,Ensor
2871,Enston
2872,Epley
2873,Esselstein
2874,Estabrook
2875,Everhardt
2876,Farrington
2877,Farwell
2878,Faunce
2879,Fauntleroy
2880,Fenno
2881,Fenton
2882,Fine
2883,Firman
2884,Fish
2885,Fleetwood
2886,Follansbee
2887,Foraker
2888,Force
2889,Ford
2890,Foulks
2891,Gallaudet
2892,Galley
2893,Gildersleeve
2894,Gill
2895,Grisell
2896,Guillow
2897,Gumm
2898,Gunby
2899,Hambleton
2900,Hamblin
2901,Hamline
2902,Hanford
2903,Hanna
2904,Hasbrouck
2905,Hawes
2906,Hayden
2907,Hayes
2908,Heard
2909,Heath
2910,Heaton
2911,Hereford
2912,Heritage
2913,Higbee
2914,Higgins
2915,Hodsdon
2916,Hogg
2917,Holcomb
2918,Holden
2919,Hounsfield
2920,House
2921,Hume
2922,How
2923,Howard
2924,Hulings
2925,Hull
2927,Irons
2928,Irvine
2929,Irwin
2930,Isham
2931,Israel
2932,Ives
2933,Jamar
2934,James
2935,Janvier
2936,Jaqueline
2937,Jewett
2938,Job
2939,Joy
2940,Joyer
2941,Judd
2942,Keys
2943,Kling
2944,Knapp
2945,Lane
2946,Lang
2947,Langdon
2948,Langton
2949,Meacham
2950,McKenny
2951,McKinley
2952,McMasten
2953,McMechen
2954,Mcllvaine
2955,Mendall
2956,Michie
2957,Mendenhall
2958,Merckle
2959,Middleton
2960,Merrick
2961,Merriken
2962,Messenger
2963,Metcalf
2964,Millard
2965,Millechop
2966,Mills
2967,Milwarde
2968,Moody
2969,Nottingham
2970,Norcross
2971,Olcott
2972,Olney
2973,Oosterhout
2974,Pemberton
2975,"Park, Parke"
2976,Pearson
2977,Pease
2978,Peck
2979,York
2980,Zimmerman
2981,Sympkins
2982,Talcott
2983,Taliaferro
2984,Tice
2985,Tidd
2986,Tierce
2987,Titus
2988,Tobey
2989,Tobie
2990,Tully
2991,Tunnell
2992,Woodson
2993,Wroth
2994,Woodward
2995,Tyler
2996,Twyford
2997,Woodhouse
2998,Woodis
2999,Umfreville
3000,Umstead
3001,Witherbee
3002,Withers
3003,Wilbon
3004,Weldon
3005,Witter
3006,Woden
3007,Whitaker
3008,Whitcomb
3009,Wheelock
3010,Weems
3011,Weidman
3012,Weir
3013,Wayman
3014,Webb
3015,Webster
3016,Wedd
3017,Warner
3018,Yardnell
3019,Witherspoon